id,EDA_mean,BVP_mean,HR_mean,EDA_std,BVP_std,HR_std,player,win(1) lose(0)
1,-0.12650558713410448,-10.48625562117282,7.769214092140864,0.33105900214198974,119.16237337069805,0.045276925690686705,michal,1
2,-0.36670121213410434,1.1896428163271855,7.5367140921408655,0.2186094949990379,71.059892466115073,0.032691742076554384,michal,0
3,-0.16362121213410447,-2.16731030867282,5.539214092140863,0.1287289930303557,211.97065696263212,0.084557672626434585,michal,0
4,0.03321735036589554,6.094095941327186,2.1967140921408657,0.041666978389620392,107.44033655506603,0.45074244308696187,michal,0
5,0.000571037865895567,11.82726000382718,-2.0407859078591315,0.13125616201529122,77.621985080717266,0.43382023926967678,michal,0
6,0.08885922536589552,-2.171724371172818,-7.610785907859135,0.18266336305712716,64.409872566835034,0.34662660024873804,michal,1
7,0.14491941286589546,17.86933031632717,-12.340785907859136,0.029190196162410444,185.338150273,0.10700467279516111,michal,0
8,0.14235885036589555,4.354681878827178,-11.593285907859137,0.080483972242512941,104.59536004532646,0.062599920127745665,michal,0
9,0.25047910036589555,1.8454631288271812,-8.865785907859134,0.093471441706289862,60.523551101479079,0.33094561486745278,michal,0
10,0.08072272536589555,10.413822503827184,-4.933285907859137,0.25617939160923414,125.57915908651005,0.38127254031729024,michal,0
11,0.17287772536589552,-20.865591558672822,-2.015785907859133,0.18033635108638618,158.18153463184254,0.33544746235439338,michal,1
12,-0.0828136496341044,-8.415044683672834,3.166714092140868,0.49552479610547351,177.17029793670935,0.4328611209152432,michal,0
13,-0.30356558713410453,23.186635003827185,5.431714092140865,0.45489810479779424,116.33725573761225,0.099592921435210827,michal,1
14,-0.3642918371341045,4.100463128827164,6.851714092140867,0.66547362206030558,184.7180532268932,0.20944868106531844,michal,0
15,0.28848678786589554,-1.3591853086728176,8.331714092140864,0.11656942216275834,67.717470609279914,0.14669270602180301,michal,0
16,0.19406803786589558,1.7399943788271828,10.196714092140866,0.079518049929618959,78.421036869112555,0.19343926695477207,michal,1
17,0.13795410036589553,-4.790513433672813,11.634214092140866,0.3348507998165412,126.22417265349382,0.22197972880423442,michal,1
18,0.03697822536589554,9.869017816327176,14.011714092140863,0.20173099724314769,120.96043138522346,0.23625992042663371,michal,0
19,-0.05126921213410446,-31.203325933672854,16.441714092140863,0.18277683830079339,149.09469385074277,0.071545440106273644,michal,0
20,0.5110904128658955,-11.754575933672808,16.801714092140866,0.10822772388290812,136.20177057292838,0.15465687828221841,michal,1
21,-0.10196158713410446,-20.6655134336728,14.609214092140867,0.50337140818559611,146.85084529021154,0.21494185260205162,michal,1
22,0.22341103786589556,-16.63172437117283,13.111714092140861,0.11864707199920432,205.75734642036701,0.1565846416478951,michal,1
23,0.1337174128658955,7.8339006288271715,9.004214092140863,0.095021372907625357,197.09669670778072,0.32905166767546085,michal,0
24,-0.24883858713410453,5.851283441327184,-0.8882859078591352,0.6621921936365982,93.554968251658266,0.91570669430773488,michal,0
25,0.34825841286589554,-7.33055249617281,-8.960785907859137,0.088456552845874559,88.369171985607494,0.39862262855989689,michal,1
26,-0.008289024634104483,-16.646450933672817,-14.138285907859135,0.44041851437517204,138.75963644859809,0.60275928031014325,michal,0
27,0.25130985036589554,-4.273599371172808,-21.740785907859134,0.29515898331862372,130.82612871399493,0.44294469180699969,michal,1
28,-0.29879564963410443,15.65378344132719,-23.550785907859137,0.72588565487952106,158.5055043097332,0.11811011811018164,michal,0
29,0.0027147846854305006,-5.455732868905846,-4.886736842105293,0.0074819446354102183,121.14930086538222,0.29209373495506707,thomas,0
30,0.0017540346854305006,-23.601787556405846,-6.884236842105288,0.0099443689685969391,116.99702077932886,0.17698870020427659,thomas,1
31,-0.0047302778145695,12.437314006094148,-8.024236842105289,0.00096075000000000034,200.32596165848847,0.073654599313282679,thomas,1
32,-0.0032893403145694993,7.18911088109416,-7.474236842105288,0.0020689470062917876,268.77030048600949,0.17240939649566719,thomas,1
33,-0.0017683403145694995,6.595829631094173,-5.7617368421052895,0.0039858420960750245,266.88444268748299,0.11840080236214778,thomas,1
34,-0.0006475278145694997,0.456689006094123,-6.041736842105294,0.0050115957413781886,225.45259228410049,0.020463381929679874,thomas,0
35,-0.0032892778145694997,-15.581943806405837,-7.27673684210529,0.0025162676353082955,233.79228049004163,0.043229041164478843,thomas,1
36,0.0004729721854305007,-15.277139118905842,-7.309236842105289,0.0020362322743243217,236.64350176094757,0.083366660002664947,thomas,1
37,-0.002729090314569499,1.1227046310941553,-5.889236842105291,0.0030618774973198634,213.96067752219528,0.27775888824662198,thomas,1
38,-0.0008076528145694995,-0.8238188064058469,-2.6917368421052927,0.0030451049012103011,198.63115948276274,0.27860141779969355,thomas,1
39,0.005356284685430501,0.061337443594155217,0.8307631578947117,0.005317367073077027,110.18949785260931,0.44732538492690244,thomas,0
40,0.0007133471854305006,-9.318193806405866,8.885763157894711,0.006640097870843094,284.85951885390057,0.96619097491127182,thomas,1
41,-0.003449402814569499,-16.418154743905827,18.25576315789471,0.0023311289613350441,263.58557575480108,0.58423026282451807,thomas,0
42,-0.0040898403145695,-10.451318806405848,23.295763157894708,0.0013202578450226116,195.39388425631807,0.17895530168173213,thomas,1
43,-0.002008527814569499,16.323603068594167,23.968263157894707,0.0022584246445254714,229.01614996839976,0.037666297933300702,thomas,1
44,-0.0035294653145694988,-13.12627974390585,23.11076315789471,0.0035575912315910824,112.45249637604687,0.16170961628796526,thomas,0
45,-0.0038497153145695,26.22911088109415,20.52826315789471,0.0019195341791288193,486.10640038334441,0.64820425021747652,thomas,0
46,0.0028748471854305006,14.488993693594132,13.045763157894712,0.0095284637591468539,276.11159925901705,0.51212791370906363,thomas,1
47,-0.0041698403145695,4.194423381094158,5.390763157894707,0.0010346355166645643,233.81143033285792,0.38399218742052571,thomas,1
48,-0.002809090314569499,6.046923381094173,3.1082631578947115,0.002581511680894307,328.66458080092366,0.11986972094737094,thomas,0
49,-0.0036895278145695,-6.436748493905852,2.118263157894713,0.0017520506199879043,333.73660909684264,0.017853571071356312,thomas,0
50,-0.003289402814569499,9.901689006094143,1.0232631578947107,0.0021657427673606577,199.43388722549349,0.17426631917843247,thomas,0
51,-0.0028090278145694995,-2.9669047439058582,-0.4967368421052889,0.0017242276531827228,188.66494826543115,0.16931848688196791,thomas,1
52,-0.0036895278145694993,11.20622025609415,-2.2717368421052875,0.0016308774862018301,219.16590424736285,0.27224758952100836,thomas,1
53,-0.0041698403145695,-9.679131306405843,-5.806736842105291,0.00081254563093019559,252.78162376446386,0.36134298111351254,thomas,0
54,-0.0038495903145694997,-11.562451618905847,-10.96423684210529,0.00090225855279612059,229.20753899986579,0.15272524349300901,thomas,1
55,-0.004730277814569498,10.385009318594166,-13.231736842105288,0.00084730185736843532,278.89072791120583,0.13718144918318834,thomas,0
56,-0.0012879653145694992,15.606610881094186,-15.571736842105292,0.0047054627624277031,224.03969541006251,0.37479160876412471,thomas,1
57,-0.5423866320084505,-11.08361862504212,-4.309602446483201,0.34704943120392062,88.182044075729848,0.30479501308256163,michal,0
58,-0.5009503195084504,-1.8527201875421042,0.3203975535167949,0.47280821422776703,195.15534323091734,0.18881207588499477,michal,0
59,-0.3588213195084504,26.070600124957906,2.752897553516796,0.42841930678439899,134.23906936122296,0.218217208304025,michal,0
60,0.34246986799154955,3.223607937457895,4.007897553516795,0.15620611672731433,66.29387708056305,0.10207227831296907,michal,1
61,-0.15850050700845045,2.482084499957892,3.4578975535167906,0.52227691547710331,68.796730538851833,0.36002604072483357,michal,1
62,-0.08663394450845041,-5.57049362504209,0.7003975535167939,0.36963341000254479,133.95337833603764,0.30724582991474425,michal,1
63,-0.2814885695084504,18.951615749957877,-1.4096024464832055,0.50196599164715583,182.19598113744891,0.41701318923986391,michal,0
64,0.15913630549154956,0.016576687457901362,-3.6871024464832054,0.32435423345566089,105.9833677277053,0.036996621467373501,michal,1
65,-0.32137456950845045,-6.771743625042107,-1.9796024464832058,0.45051751293339032,92.348608494022074,0.39134383858699312,michal,1
66,-0.5328304445084504,0.9599751249578867,2.5953975535167935,0.43223347406000889,93.90837066890218,0.10161200716450934,michal,0
67,0.08047243049154956,-6.733384250042095,3.615397553516793,0.36906138175808573,121.44934476162587,0.084113019206305248,michal,0
68,-0.3534055695084504,8.11071731245791,2.050397553516799,0.56521237419514492,126.93393384321264,0.41370279186875236,michal,0
69,0.15511605549154958,-1.2989311250421056,-1.8596024464832013,0.47507064752674877,93.660612643093614,0.34662660024874287,michal,1
70,0.12617899299154958,1.9920454374578946,-4.417102446483206,0.47852698487477158,93.440233485015071,0.26527108775740837,michal,0
71,0.19772743049154953,-1.8869389375421044,-7.0446024464832036,0.37402036707435793,61.693671468139662,0.2371181140275912,michal,0
72,0.05047493049154957,-2.541782687542109,-9.644602446483201,0.58201681019349649,104.85633248256558,0.23393375130578858,michal,0
73,0.00498361799154956,4.220092312457898,-9.852102446483205,0.60480870628669325,183.95062666106639,0.17865819320703083,michal,1
74,0.2928208054915496,-5.033501437542098,-8.007102446483206,0.42767517910498898,147.1955494637443,0.25400541332814103,michal,0
75,-0.06478775700845048,-16.537017062542112,-4.632102446483202,0.4409466490979902,119.89667693571943,0.50430025778299814,michal,1
76,-0.32558631950845046,-6.140649875042108,0.8928975535167929,0.40776901850235631,50.6744456380248,0.51338947203853136,michal,0
77,0.2963558054915496,-5.345298312542093,6.3503975535167925,0.44983761555808605,199.82300087955707,0.47534198215600504,michal,0
78,-0.1464561945084504,2.5120844999579006,9.427897553516797,0.54017548988810982,140.14287582797559,0.31916884246429916,michal,0
79,0.4444901804915496,-12.430806125042091,10.582897553516798,0.2614697499640255,119.85511218826692,0.19791096483014736,michal,0
80,0.0003836913109754455,-2.921271937631083,-13.549090909090992,0.0059048470764359127,197.01685822615192,0.26702059845637521,thomas,1
81,-0.0017779961890245547,0.4259546248689243,-9.244090909090993,0.0014823564380320277,104.8051657154285,0.26443335644354865,thomas,1
82,-0.00017674618902455445,21.07614993736893,-5.3290909090909935,0.0042233054571478726,235.41687445292348,0.18425525772688334,thomas,1
83,-0.0020179961890245545,32.614001499868905,-3.489090909090997,0.0012706063451655672,230.89565187220657,0.25739075352467627,thomas,0
84,-0.0016178086890245545,-27.78107662513108,-0.3765909090909929,0.0010091234729178336,339.39451048220104,0.040850336595918114,thomas,0
85,0.008069503810975449,57.964470249868924,-1.246590909090994,0.016353978869356994,232.03592652673657,0.24933661985356309,thomas,0
86,-0.0023383086890245547,-16.328693812631077,-2.9090909090909953,0.0010973514688073966,184.11944249073497,0.10344080432788638,thomas,1
87,-0.0020179961890245545,-3.4461156876310772,-3.3590909090909946,0.00076756765784847939,130.37223983034986,0.051478150704929587,thomas,0
88,0.0006240038109754454,41.76310306236891,-1.5690909090909955,0.0055873782634948748,365.11470799289265,0.18587630295441057,thomas,0
89,0.00022337881097544564,-14.318186000131078,3.5509090909090055,0.0037310276315647944,302.36097347255725,0.50333885206687401,thomas,1
90,-0.0019379961890245545,-7.0270922501310595,7.510909090909006,0.00081214537453278663,261.24973941524087,0.30651264247988147,thomas,1
91,-0.0020180586890245545,34.16364993736894,9.335909090909006,0.0013488589723702588,251.57677441884061,0.24703238654071663,thomas,1
92,-0.0020179961890245545,-24.07154537513107,9.258409090909005,0.00076756765784847939,304.73829164613375,0.21358546298847489,thomas,0
93,-0.0022580586890245547,-2.4392406876310684,7.640909090909005,0.00071137202105772364,202.68109127595972,0.061237243569575973,thomas,1
94,-0.0020981836890245553,15.859743687368919,6.255909090909007,0.0012373076981267636,177.38696172544368,0.2371181140275912,thomas,1
95,-0.0020179961890245545,-12.483928187631076,2.790909090909004,0.00076756765784847939,149.92301296450754,0.25189283435620274,thomas,1
96,-0.0010573086890245547,-6.412170375131073,1.4484090909090028,0.0023908204389066416,146.95654099430047,0.12891373084353794,thomas,0
97,0.0027854413109754442,-16.201467250131074,0.41840909090900524,0.0073567254665267848,229.69031679990479,0.039607448794384985,thomas,1
98,-0.000977371189024555,2.563610874868883,1.5109090909090064,0.0024581461002145498,409.54677416004176,0.091923881554251838,thomas,0
99,-0.0015379336890245544,8.477048374868916,2.420909090909003,0.0010122846356602228,232.3106037933016,0.012247448713916354,thomas,1
100,-9.687118902455469e-05,-3.646193812631068,2.338409090909007,0.0023908497443377737,311.42370747380789,0.06057020719792966,thomas,1
101,-0.0020179336890245544,3.609509312368928,0.9159090909090075,0.00061982260251926128,92.133897450119079,0.082613558209293156,thomas,1
102,-0.0008173086890245544,-21.44361568763106,0.6809090909090081,0.0031851774081036286,338.03532502891721,0.090553851381374201,thomas,1
103,0.293878875519654,-4.869319365530301,3.800090361445715,0.33704267243749503,62.812931191177313,0.20583670712484642,michal,0
104,0.08582850051965397,-2.9451006155302957,6.550090361445719,0.27371373648667341,100.75918807570712,0.29902968080108555,michal,0
105,-0.18560231198034605,2.1979853219697087,8.742590361445714,0.61605382971412281,169.43507111119243,0.14585952145814976,michal,0
106,-0.22398487448034604,0.17068063446969026,9.140090361445711,0.25169453602065406,94.473319802551003,0.24963723680573016,michal,1
107,-0.264059124480346,12.285524384469701,6.750090361445714,0.34548620494338644,106.03526281773489,0.19149086140074456,michal,1
108,-0.15806524948034595,59.79290719696968,4.367590361445714,0.60694797094574127,297.57852351443518,0.17161002301730391,michal,1
109,-0.15508962448034608,-1.2092021780302866,0.6800903614457141,0.6215589485877393,182.10187199162786,0.31451351322320353,michal,0
110,-0.05035993698034605,3.0879462594696956,-1.3374096385542842,0.47760189242360562,169.16610603646774,0.15976545308670226,michal,1
111,0.47542431301965404,-14.546936553030289,-2.922409638554285,0.24608830648211302,189.22629187791588,0.16568041525781091,michal,1
112,-0.003992374480346103,-5.608186553030302,-5.087409638554288,0.76022950181735571,117.01439784531043,0.23296995514443675,michal,0
113,0.14849900051965398,-6.50951467803031,-7.909909638554286,0.64828515022735833,133.16537164028591,0.07189401922274348,michal,1
114,0.8071663130196541,3.920055634469697,-6.687409638554286,0.21799572797072048,72.490720670803768,0.39373214245219845,michal,0
115,0.7280188130196541,-4.254631865530308,-2.754909638554281,0.20880988890402047,68.727919030025149,0.29011851026778723,michal,0
116,0.223387125519654,-17.768889678030295,-1.6174096385542853,0.52788962454004273,109.0472105780665,0.061846584384266677,michal,0
117,0.48285725051965395,2.729782196969695,-1.094909638554288,0.48202805412557659,65.917641621595706,0.13179055353097205,michal,0
118,0.257421438019654,-7.976741240530308,1.487590361445715,0.52485508994507235,106.59295764040299,0.087464278422674707,michal,1
119,-0.3712186869803461,16.006227509469706,0.43259036144571894,0.64636473405383466,109.97406667761379,0.1680029761641143,michal,0
120,-0.8964536869803458,11.087750946969699,-1.167409638554286,0.34284498888817722,58.212140697495066,0.070178344238090204,michal,0
121,-0.20590649948034595,-9.951038115530304,-2.342409638554283,0.48945804589425346,52.48563062059501,0.085732140997411166,michal,0
122,-0.248692874480346,0.7041181344696978,-4.359909638554285,0.37365112024374064,66.425563669324916,0.40825084200770723,michal,0
123,-0.2612328119803461,-15.946350615530308,-7.429909638554282,0.68981515523050629,152.39687862545347,0.32368001173998662,michal,1
124,0.28272250051965403,4.1797821969696995,-8.46240963855428,0.20433191749148272,106.41177685903415,0.13564659966250561,michal,0
125,0.040906125519653995,-0.17533499053030366,-6.712409638554284,0.26545065281757613,76.368448411815095,0.35881750236017851,michal,0
126,-0.19634593698034603,-5.0894756155303,-2.474909638554287,0.57699606015312999,99.958689273202936,0.49337485748668092,michal,0
127,0.00870081988041848,-26.009107891978843,-0.6260119047618993,0.011607983158154563,159.68832542730573,0.012247448713916354,thomas,1
128,-0.0032279926195815187,5.873899920521158,0.5514880952381063,0.001097315002560227,100.48005715276678,0.22554101622542966,thomas,1
129,-0.0035480551195815188,-13.53012351697885,3.373988095238108,0.00099962004500460107,170.43590829266842,0.1412444689182529,thomas,1
130,-0.003467930119581519,3.1289389830211527,3.658988095238108,0.00084320827053581513,215.48870796052421,0.052201532544556999,thomas,0
131,-0.003627930119581518,-13.905514141978845,6.823988095238107,0.00067447771460590184,210.22780879086281,0.49643730722015622,thomas,0
132,-0.0013066801195815193,-26.573209454478846,13.921488095238107,0.0040978053577494381,177.78624413632241,0.59817952990720513,thomas,0
133,-0.0033079301195815193,25.506009295521153,18.606488095238106,0.00095701629427089713,234.30166347064895,0.51348685474897615,thomas,1
134,-0.002026930119581519,-23.259029766978834,23.901488095238104,0.0030198351258802188,335.41175847430742,0.39098433472455191,thomas,0
135,-0.0033078051195815188,-10.934303204478827,25.056488095238105,0.0007112946712685258,184.12168739770092,0.15706288549495043,thomas,0
136,-0.0016268676195815188,-23.079381329478846,21.848988095238102,0.0024333397887150391,132.54244981740584,0.36677649870186785,thomas,1
137,-0.0007463051195815186,-45.16379539197884,16.306488095238105,0.0022852794379189167,295.04480351390754,0.73903230646569162,thomas,0
138,0.0013353198804184807,7.9529624205211595,9.111488095238105,0.0044995655484724303,98.158874162522579,0.66529598676078028,thomas,1
139,-0.0013868676195815189,7.804954608021153,1.4939880952381053,0.0022628018643583779,225.69389125775672,1.1944245476378983,thomas,1
140,-2.580511958151933e-05,30.59534523302109,-7.35851190476189,0.0031334142296183883,341.21408375492058,0.85771134421785378,thomas,1
141,-0.0021873051195815197,-4.401295391978838,-15.716011904761896,0.0013932051120976406,112.93031884203386,0.39363688851529099,thomas,1
142,-0.003307930119581519,-20.696412579478853,-15.588511904761894,0.00095701629427089713,250.12415232542449,0.23370654676324679,thomas,0
143,-0.002587492619581519,-1.0389516419788358,-13.186011904761891,0.0016246663587776262,125.70805304002998,0.058309518948453591,thomas,1
144,-0.0023473051195815192,-10.224068829478847,-10.786011904761896,0.0019851099426417169,379.55861243572349,0.12825755338380684,thomas,1
145,-0.0003460551195815192,-13.382350079478844,-8.176011904761893,0.0029652460453350243,205.24276543605927,0.20892582415776001,thomas,1
146,-0.0033878676195815186,-1.4003578919788529,-9.613511904761896,0.00078414294127011712,205.51580939189,0.55822822393712723,thomas,1
147,-0.0021872426195815187,3.1317124205211577,-13.156011904761893,0.0019979768507402055,165.78450327215083,0.0833666600026675,thomas,0
148,-0.0025073676195815193,-16.427037579478846,-12.063511904761896,0.0025504378231675732,242.56380425340708,0.2985276369115602,thomas,1
149,-0.001867305119581519,5.132806170521171,-10.298511904761892,0.0011291680496608996,196.6701448607584,0.19201236939322691,thomas,1
150,-0.001947242619581519,-1.8845375794788457,-6.973511904761892,0.0013489034884281938,324.43216559574205,0.41966504500613327,thomas,1
151,6.116384180730326e-06,-23.070541071665776,-1.5099999999999802,0.0017465398292051629,277.03190219137826,0.56575171232617449,thomas,0
152,0.0017673663841807302,3.070318303334223,1.9725000000000215,0.0014675698663096078,339.7088481557675,0.51557613404811831,thomas,0
153,-0.00031388361581926965,3.348443303334199,6.575000000000024,0.0023034240002656912,308.31815576059921,0.29740544715926065,thomas,1
154,-0.0023150711158192692,1.88754486583422,8.19250000000002,0.00084315488040083734,170.72449665522143,0.14446020213193753,thomas,0
155,0.0005671163841807305,-14.424017634165773,9.402500000000021,0.0065270531156870482,215.90243283229876,0.028613807855651836,thomas,0
156,0.0011269288841807303,-3.756166071665767,5.450000000000021,0.0017829530707070644,341.63666463401131,0.33094561486745755,thomas,1
157,0.0010469913841807304,-34.76233794666577,1.9325000000000188,0.0038619461556804488,286.59243458545717,0.14889173919327917,thomas,0
158,-0.0029553836158192695,11.676255803334215,0.5500000000000185,0.00078020526145367703,166.64726922572581,0.12971121771073127,thomas,0
159,-0.0027953836158192695,-2.2206973216657673,-1.069999999999979,0.00098350406709886103,241.90044658108096,0.1970406049523814,thomas,0
160,-0.0020749461158192694,-2.9778848216657714,-2.0049999999999812,0.0011542791294109713,166.86829394106363,0.11895377253370312,thomas,0
161,-0.0007143211158192696,-18.760892634165796,-3.049999999999976,0.0014116199014230955,210.17991832142431,0.018027756377319317,thomas,0
162,-0.0013546961158192694,-10.236127009165777,-3.297499999999978,0.0015827352202259703,510.53974712736022,0.012990381056767071,thomas,0
163,-0.00263519611581927,21.501724553334224,-3.09249999999998,0.00081231164884159484,185.66111388628354,0.03344772040065111,thomas,1
164,8.624138418073012e-05,-9.641400446665779,-2.6924999999999812,0.001998044446296178,341.8298834933762,0.036996621467369893,thomas,0
165,0.00224786638418073,19.962857365834207,-3.719999999999981,0.00239093343435153,337.77986376053406,0.0086602540378426639,thomas,0
166,-0.4762581263736262,2.0755888257278214,-1.7947909090909633,0.59144937424426913,96.462668877264349,0.23909987452945511,michal,1
167,-0.37363037637362617,-5.634879924272196,1.9952090909090394,0.44747580079918847,85.687356639498944,0.62503499902005688,michal,0
168,-0.5246072513736262,6.904416950727809,8.28270909090904,0.54555591361517142,67.296233208669435,0.20802644062714715,michal,1
169,-0.04083268887362618,-1.5262861742721832,10.437709090909038,0.04531841539487387,63.581488349236054,0.44283179650969134,michal,1
170,-0.020667563873626213,1.0193778882278228,14.51020909090904,0.057871146696474279,75.326267333735245,0.22498611068241561,michal,1
171,-0.002342876373626221,3.087151325727812,14.340209090909038,0.066965239755413422,56.003399651671685,0.42381452311123013,michal,0
172,0.20332887362637378,1.0892216382278164,9.540209090909038,0.048207859009838837,33.269199436509446,0.66118737888740708,michal,1
173,-0.15634581387362623,-17.534137736772177,3.157709090909041,0.50503997705657777,120.24129833695591,0.2909467305195208,michal,0
174,-0.565734063873626,-8.863981486772193,-5.709790909090962,0.54629010518144328,76.809646738096959,0.45734970208801973,michal,0
175,0.2555024361263738,-3.6533174242721875,-6.7922909090909585,0.099417301292153606,80.087910409122586,0.20310096011590323,michal,1
176,-0.3103384388736261,-3.994918986772198,-2.9622909090909637,0.61320240211103716,93.064417159882296,0.31678068122914438,michal,1
177,0.3791340611263738,-1.7238252367721856,-1.5322909090909604,0.026351709521084062,25.715665215498234,0.041231056256180468,michal,1
178,0.5170094986263738,-0.42183304927218357,-2.3172909090909606,0.035330781540101441,77.485784788000572,0.06344288770224954,michal,1
179,-0.6724705013736262,-2.6856221117721826,-2.1597909090909617,0.7021625778338193,48.503669243891743,0.037666297933296455,michal,1
180,-0.06267012637362622,5.576877888227818,-4.252290909090963,0.62384410139838831,75.529604083508033,0.36558172820861556,michal,1
181,0.2210358111263738,-4.083161174272186,-6.53229090909096,0.69570797100550019,43.965540675683862,0.22383029285599698,michal,0
182,0.31437899862637386,-9.031793986772179,-5.074790909090964,0.303509923695436,81.713975749040898,0.017853571071360784,michal,1
183,0.3055027486263738,-3.599801799272186,-4.6622909090909594,0.28291057084105109,76.131929862834724,0.074498322128758093,michal,1
184,-0.0001622599277979382,-6.986647627788733,2.9586738351254844,0.0010617722213356309,228.64980428252611,0.33541019662497001,thomas,0
185,-0.001362634927797938,33.844836747211254,4.161173835125485,0.00092993560764979887,226.48574747674812,0.0043301270189244094,thomas,1
186,-0.00040194742779793807,-0.9854757527887581,5.108673835125487,0.0014295840618318843,314.34872476801166,0.030822070014846822,thomas,0
187,0.0004784275722020617,12.169836747211246,5.238673835125486,0.0019475628911138532,293.06280397847542,0.062849025449882606,thomas,0
188,-0.000642322427797938,-14.407507002788758,4.5986738351254886,0.00076747642217448613,209.74152852995468,0.19416487838947613,thomas,0
189,-0.000802384927797938,-24.48063200278876,2.198673835125483,0.00084687667896512554,187.38773136144431,0.37356391688705731,thomas,1
190,-0.0012826349277979387,-8.886139815288745,-0.5488261648745123,0.00099962004500460107,238.03623189005893,0.27643941470058453,thomas,0
191,-0.0014426349277979378,-2.965671065288764,-2.438826164874513,0.00084706566119457385,188.56896502196875,0.017853571071360784,thomas,1
192,-0.0008823849277979384,-20.300514815288754,-2.663826164874518,0.0010342437983256174,196.28578467234809,0.030310889132458552,thomas,1
193,-0.001362572427797938,-24.353757002788768,0.25617383512548386,0.00081231164884159484,175.37250526904037,0.036996621467374938,thomas,0
194,-0.0004820724277979383,4.974133622211235,-0.6738261648745159,0.0028280459070431918,153.44436690010494,0.099592921435210383,thomas,0
195,-0.0010424474277979383,-0.6281320027887626,-2.9163261648745156,0.00084315488040083734,193.60131203436987,0.33357907608241566,thomas,0
196,-0.0012825099277979381,48.591907059711225,-5.688826164874516,0.00076769797935125538,309.94151061846173,0.3500267846894029,thomas,0
197,-0.0004820099277979379,26.968821122211256,-7.336326164874514,0.0025212700296675886,275.48690828441994,0.018027756377319317,thomas,0
198,0.004160990072202062,-29.614264815288763,-7.388826164874519,0.0044112686171327176,159.64311761501571,0.27707174161216608,thomas,0
199,0.0016792400722020614,22.92538362221125,-2.2088261648745124,0.0039795990218865016,248.61792931313732,0.29422567868899513,thomas,1
200,0.0037611150722020622,-2.2319601277887706,1.9886738351254891,0.0068265045216695649,157.68609436520501,0.25913317039700012,thomas,0
201,-0.0003219474277979381,22.595149247211268,3.598673835125485,0.0028952899837224851,269.42726079566853,0.074498322128757136,thomas,0
202,-0.26921010263852235,-2.971004238527052,-6.67310924369751,0.064848313015837197,55.596215427114416,0.17297037318570094,michal,0
203,-0.2689700401385223,-36.59127767602706,-2.2181092436975085,0.10433733546468921,173.88104037467886,0.036996621467373494,michal,0
204,-0.33267010263852237,-11.163074551027055,-3.7331092436975126,0.078633705656353262,48.177735591880705,0.39467549961962434,michal,1
205,-0.3061018526385223,-9.540379238527036,-6.680609243697507,0.20221492116820286,137.08314468038236,0.18748333259252509,michal,0
206,-0.2995396026385224,26.081847323972966,-6.8381092436975095,0.17572611665458268,98.749462821291289,0.056291651245984967,michal,0
207,-0.16045560263852243,7.121495761472954,-7.110609243697507,0.23246489901810982,94.340223496806971,0.18000000000000091,michal,1
208,-0.006086602638522405,11.673058261472947,-7.068109243697506,0.041200394276026051,93.005784067253572,0.091753746517513418,michal,0
209,-0.17300966513852237,-1.6258479885270434,-7.923109243697507,0.14088307169886874,86.124335300488255,0.064177488264967636,michal,1
210,-0.1300560401385224,-6.213113613527057,-8.550609243697508,0.20465560159019858,130.02226229415425,0.24382370680472984,michal,0
211,-0.05167447763852237,10.178487948972943,-11.620609243697508,0.095176221133402725,48.906368111862541,0.057879184513948204,michal,0
212,-0.14423379013852236,-6.965847988527037,-9.655609243697509,0.24437652893823977,135.52969006082091,0.12051970793193734,michal,1
213,0.22129220986147766,1.4968473239729518,-6.340609243697507,0.096330008932327765,29.570089024476513,0.14611639196202592,michal,1
214,0.25466264736147765,-23.167918301027072,-1.6206092436975084,0.042201112971845901,155.47282717827761,0.59114296071255301,michal,1
215,0.13366420986147762,-5.307215176027051,-3.288109243697509,0.12654707477763893,73.055370847170536,0.32545160930620831,michal,1
216,0.2032063973614776,4.988527011472952,-6.505609243697506,0.17790450640090599,35.171270782706429,0.27950849718747373,michal,0
217,-0.00013816513852236978,0.9633316989729507,-7.465609243697507,0.22672746055092463,51.746004266086075,0.19422924599555075,michal,1
218,-0.00624016513852238,-1.2809261135270404,-10.63810924369751,0.38263794532853912,193.75523645242308,0.25370997221236885,michal,1
219,-0.03535260263852241,1.0344645114729267,-16.313109243697507,0.38426096168115359,176.62147353815396,0.22442983313276252,michal,1
220,0.2927633973614776,-14.22862142602706,-9.975609243697509,0.10194818278480984,111.62350004902316,0.2828869031963121,michal,1
221,0.3106089598614777,-1.3287776760270473,-8.135609243697512,0.061275905927583779,42.847350765257509,0.25947061490658324,michal,0
222,0.23256464736147764,-10.775574551027042,-7.483109243697513,0.1283143699495988,103.07308662995027,0.079175438110569402,michal,1
223,0.22699602236147765,-9.350183926027064,17.614390756302488,0.19513154414326345,70.93642992299965,0.82648351465712955,michal,1
224,0.37589014736147763,-6.670418301027058,23.521890756302486,0.15988284438867262,108.7353250820054,0.58345415415438007,michal,0
225,0.030938584861477617,-4.736004238527049,33.61439075630249,0.32517745584473157,198.12614698478561,0.99059325658920006,michal,0
226,-0.21342910263852238,-28.83815267602704,38.65689075630249,0.32072572380715741,212.71462077965185,0.24055924426219713,michal,0
227,0.02385708486147762,21.099386386472943,19.689390756302494,0.28496194863584834,49.678245717402241,0.50955863254388978,michal,0
228,0.3382782098614776,4.613214511472952,13.894390756302489,0.24775108897268713,85.405129745578705,0.48324424466309046,michal,0
229,0.33307202236147765,1.870167636472951,7.1468907563024935,0.46119034081546456,51.950364477176898,0.8152721938101386,michal,0
230,0.4705600848614777,2.670011386472951,5.99439075630249,0.31770936287110713,37.009406224919282,0.059371710435187942,michal,0
231,-0.2076542901385224,-9.477801113527052,4.2918907563024895,0.47308895313404309,181.18456984522717,0.21637640814100084,michal,0
232,-0.00021145674063634463,14.760287891451807,2.294749488752572,0.0010122846356602226,276.72841708841804,0.78222039733057425,thomas,1
233,-0.0008517067406363446,12.770991016451799,-0.0002505112474260329,0.00078414294127011723,286.62852439895283,0.21947380253688611,thomas,1
234,-0.00021145674063634463,-12.437173046048203,-0.9252505112474338,0.0017537392005636844,219.65560189870385,0.061390145789045704,thomas,0
235,-0.0012520192406363447,29.54052226645179,-0.7227505112474297,0.00098350406709886103,265.56598505666386,0.16378339354159455,thomas,1
236,-0.0012519567406363446,-15.21158710854822,-5.982750511247428,0.00087313815979703387,236.38488994163419,0.43223257628272299,thomas,1
237,-0.0010118317406363447,19.17169414145182,-6.650250511247432,0.0008912352185835962,335.12932330928902,0.26742989735629669,thomas,0
238,-0.0011718317406363447,3.5173582039517988,-4.927750511247428,0.00071596104282548121,73.457505277890476,0.0833666600026675,thomas,1
239,-0.0009317067406363446,1.6867722664517966,-3.0727505112474276,0.00071137202105772364,131.89952875842405,0.17269916039170574,thomas,0
240,-0.0009317692406363447,13.071030078951798,-4.020250511247433,0.00084320827053581513,154.4469697590325,0.037666297933296691,thomas,1
241,-0.0011718317406363447,-17.494946483548205,-3.025250511247428,0.00071596104282548121,185.73045659196387,0.049180788932261091,thomas,1
242,-0.0004514567406363445,-2.0941261710482064,-1.8127505112474296,0.0010827143245536886,185.62602858685173,0.30244834269673743,thomas,0
243,-0.0006916442406363446,-5.655454296048212,5.999749488752574,0.00076756765784847939,234.71587908223344,0.66318832167039776,thomas,0
244,0.00026891825936365527,6.037905078951815,9.934749488752573,0.0032617028138832256,130.18209394689381,0.15204851199534949,thomas,0
245,-0.0006918317406363447,-7.0177980460481955,8.982249488752569,0.001097315002560227,130.92796384174599,0.13656500283747808,thomas,0
246,-0.0006116442406363446,67.70532695395178,6.369749488752571,0.00081214537453278663,189.39896129654048,0.36519686471819712,thomas,1
247,-0.0006917067406363446,-27.69283710854819,3.70724948875257,0.0008911454159360022,275.45248596262832,0.51139515054407936,thomas,0
248,0.001149543259363655,5.786733203951792,-5.135250511247424,0.0036219657899535375,361.00991784300959,0.52241626123236262,thomas,0
249,0.010116230759363654,5.9068113289517665,-9.265250511247427,0.0096704461602089477,347.34131856125191,0.26309456474811577,thomas,0
250,-0.0010118942406363448,-0.06314960854823393,-13.072750511247428,0.00099962004500460107,190.22498828996092,0.005000000000002558,thomas,0
251,-0.0011718942406363448,-79.3266652335482,-14.420250511247431,0.00084706566119457385,249.78413558396522,0.19175179269044762,thomas,1
252,-0.0008517067406363446,-4.411352733548208,-13.945250511247426,0.00078414294127011712,218.8067260792379,0.13790848414800363,thomas,0
253,-0.0003715192406363447,0.4031785164518047,-12.30525051124743,0.0013488367210303849,236.02341065029967,0.38583513318514551,thomas,0
254,-0.0010117067406363446,-13.517133983548183,-9.230250511247426,0.00062001625167712362,358.52874023774558,0.42827415285071924,thomas,1
255,-0.00013126924063634467,-11.238813671048213,-4.762750511247425,0.0020735577367172586,253.84470083080097,0.27060118255469795,thomas,1
256,-0.0011719567406363448,5.309272266451785,-1.7727505112474269,0.0011543484617279787,171.36087308424388,0.23732888572611541,thomas,1
257,-0.0013319567406363448,0.6535300789518061,3.017249488752576,0.00076778919378547557,182.7100104619912,0.22677080940897235,thomas,1
258,-0.0011718942406363448,-34.143305858548224,5.167249488752574,0.00084706566119457385,202.14467451097542,0.18621224449536039,thomas,1
259,0.0015500432593636552,5.245795703951803,7.069749488752571,0.0052789122218591346,100.21254868991046,0.23370654676324679,thomas,1
260,0.0004289182593636555,4.913959766451796,10.794749488752569,0.0018670622635824842,207.75732570514879,0.19841559918514354,thomas,1
261,0.0012295432593636556,7.6770066414517855,11.09724948875257,0.0034451917121683887,230.10933898450216,0.050249378105609303,thomas,1
262,0.27038776793249086,-17.641280585303413,5.702205882352949,0.12994679700019304,83.978128817580512,0.15122417134836685,michal,0
263,0.19950039293249083,8.045438164696591,5.737205882352949,0.21915275031499148,38.521376259244036,0.12214233500305972,michal,0
264,-0.053764482067509174,-4.468116522803413,3.082205882352948,0.23899098874666669,133.2545682307229,0.64118542559855229,michal,1
265,0.22099264293249088,-11.287218085303405,-3.1277941176470527,0.25413488433052139,136.30798908735352,0.29634228520411909,michal,1
266,-0.2244718570675091,-5.386944647803404,-6.672794117647051,0.39413874645936869,124.11432763781249,0.22938777212397482,michal,1
267,0.3819472679324909,7.081610039696584,-7.47029411764705,0.031217118790967485,30.546978583484062,0.12338962679252871,michal,1
268,-0.13257154456750916,2.566414727196586,-6.752794117647049,0.27936735307934352,26.16556352299742,0.090932667397366371,michal,0
269,0.03888264293249085,-4.810343085303411,-3.920294117647053,0.26767937592283331,74.162962797828868,0.55233594849511314,michal,1
270,-0.1745522945675092,0.583680352196588,-0.8827941176470517,0.2000318693923292,41.936187295913157,0.088987358652790935,michal,1
271,0.08307045543249082,3.81078972719659,-2.2277941176470506,0.24503076681344241,51.048685058142944,0.11519006033508283,michal,0
272,-0.1839946695675091,-2.779561835303406,-3.7002941176470507,0.21917653962202158,137.31381738956117,0.29500000000000043,michal,0
273,-0.3172787945675091,-5.501280585303414,-1.2877941176470493,0.24502104916547957,104.24826788211351,0.071545440106272021,michal,1
274,-0.15798704456750917,-3.3628430853033913,-0.7927941176470483,0.36100905290310392,174.9498261270632,0.30970752331837642,michal,0
275,-0.3187692320675092,15.263836602196589,6.827205882352949,0.2822131438954596,126.58828030632047,0.29431063521388356,michal,1
276,-0.27723860706750914,-6.143038397803413,9.524705882352947,0.29268728349383411,162.21289189306734,0.51004901725226404,michal,0
277,-0.014001857067509157,-7.468350897803422,7.777205882352948,0.42951853850525185,83.246311188324242,0.060156047077577518,michal,1
278,-0.3329496695675091,-6.031280585303415,5.787205882352946,0.30123298200841753,126.01716239830549,0.48489045154550092,michal,1
279,0.10773945543249086,8.373211602196582,1.0822058823529481,0.2855659167470071,45.398784984294814,0.32313890202202206,michal,0
280,0.24466226793249088,-2.0623352728034066,-0.6927941176470505,0.30179982722946408,79.161882578933515,0.2809248120049212,michal,0
281,0.26781033043249086,-2.203155585303373,-0.30279411764705344,0.37027750860561809,187.36683527797805,0.33766662553471527,michal,0
282,-0.1128353570675092,-14.935421210303446,1.22470588235295,0.29534237667948615,91.944029248754646,0.13747727084868042,michal,1
283,0.12786651793249085,-2.417413397803416,-0.057794117647052445,0.39003416044333139,57.976675353392366,0.052618912949618159,michal,0
284,-0.1753265445675092,-8.250108710303378,1.0797058823529468,0.43487111529099465,297.53139479452045,0.12816005617976117,michal,0
285,-0.5771256070675091,-16.35409308530341,-0.03529411764705159,0.0,136.39803493223067,0.037416573867737668,michal,1
286,-0.25417166956750914,-10.55307746030343,-0.9777941176470542,0.44957930682048031,194.79219181861416,0.18686559340873893,michal,0
287,-0.019117857067509157,-2.274639960303415,-2.4052941176470526,0.42854839425736102,107.72780124973902,0.27101660465735483,michal,1
288,-0.525975857067509,-4.736007147803412,-3.8577941176470496,0.17224435522663001,43.675288677639372,0.059319052588521964,michal,0
289,-0.05804704456750915,7.113172539696591,-3.077794117647052,0.26306548188995854,79.362501195708404,0.3701604381886322,michal,0
290,-0.3168954195675091,-0.8954212103034138,0.5447058823529467,0.37382301503639709,21.160246715441424,0.025495097567965818,michal,0
291,-0.05701410706750915,-4.04014777280341,0.657205882352951,0.3903822745617429,71.894051077406544,0.025860201081968931,michal,0
292,0.3396305179324909,-0.7750696478034131,2.059705882352951,0.47211655775029154,43.397552385617779,0.094472218138456118,michal,0
293,0.24338670543249083,35.758406914696586,0.8672058823529483,0.67290227382666035,96.56324964805593,0.2653653142368087,michal,0
294,-9.226475321900247e-05,-11.890916965364989,-13.0364025695932,0.0014228072809041113,281.32124352729073,0.17248188310660556,thomas,1
295,-0.0005725147532190025,6.411114284635002,-13.673902569593203,0.0010123241649016143,339.57515957773785,0.052141634036535454,thomas,1
296,0.002709610246780998,53.52853615963502,-11.7714025695932,0.0026392637045857602,167.14938060771487,0.18172781845386179,thomas,0
297,-0.0006524522532190025,2.9895908471350126,-11.283902569593202,0.001058810801087711,156.25674992372964,0.058040933831220269,thomas,0
298,-0.0002523272532190025,7.679043972134998,-10.526402569593198,0.0014671607305864619,292.21052292331149,0.030822070014842207,thomas,0
299,-0.0007323272532190023,3.4755674096350235,-7.581402569593202,0.00042365092868421788,271.58559547116181,0.22410934831015292,thomas,0
300,-0.0002523272532190023,-32.082401340364996,-8.363902569593204,0.00084687667896512554,165.12407603827461,0.032691742076554384,thomas,1
301,-0.0004923897532190023,-17.768299777865003,-7.943902569593202,0.00084315488040083734,352.52293029117635,0.17837810964353085,thomas,0
302,-0.0006525147532190024,0.9843564721350048,-5.8139025695932,0.00095705287985761299,255.16110311580096,0.31427495923156068,thomas,0
303,-0.0009725772532190025,-15.628924777864988,0.5035974304068027,0.00074663259664643669,305.41581821028848,0.22394195676558726,thomas,1
304,-0.0009725772532190025,4.264395534635014,4.776097430406804,0.00074663259664643669,207.12256324611195,0.32344821842143778,thomas,1
305,-0.0008124522532190024,3.063770534635007,5.638597430406797,0.00067447771460590195,240.50580613357332,0.022912878474781621,thomas,0
306,-0.0007326397532190026,1.8618174096349982,4.0160974304067985,0.0010973514688073966,251.49606487828288,0.32995264811787789,thomas,1
307,0.0015890477467809974,-8.575838840365,-7.636402569593198,0.003319042755449227,224.47601962017097,0.30191058278901084,thomas,0
308,-0.0005722647532190022,-3.176073215364994,-13.041402569593203,0.00045272514685375064,224.68315658701755,0.31988279103446465,thomas,1
309,-0.00025226475321900223,-28.609002902864997,-15.628902569593198,0.00071568153433894757,257.53640248211252,0.31530738970090594,thomas,0
310,-0.00025220225321900217,-4.146073215364986,-16.523902569593197,0.00055425625842204064,170.00815600839564,0.037666297933296691,thomas,0
311,-0.00017238975321900247,15.023145534635,-15.3414025695932,0.0011735034202522592,167.95743670904847,0.03278719262151486,thomas,1
312,-0.0005723272532190023,6.180020534635014,-15.681402569593203,0.00064025003660679331,206.3197902149733,0.03774917217634953,thomas,1
313,-0.0006524522532190025,-35.62509665286499,-15.791402569593199,0.001058810801087711,217.47975306381664,0.18186533479473463,thomas,1
314,-0.0007325147532190024,-13.964745090364982,-12.016402569593197,0.0008912352185835962,149.91814441161557,0.6149390213671565,thomas,0
315,-0.0010527022532190026,15.609083034634999,-6.216402569593196,0.00089129133845224854,219.2797362931735,0.32664965942122492,thomas,1
316,-0.0008925147532190024,-19.875995090364988,-2.846402569593195,0.00071596104282548121,318.87112049254881,0.3444560929929969,thomas,1
317,-0.0007324522532190024,-22.190252902864973,1.7760974304068,0.00076769797935125528,248.88611707970108,0.57803005977197963,thomas,0
318,0.0029499852467809976,-22.600135715365013,8.163597430406803,0.0056291648383524663,320.37880315957989,0.69061566735775359,thomas,1
319,0.002229360246780997,-9.09841696536499,12.2635974304068,0.0049031808804177058,215.78693958188526,0.19013153341831573,thomas,0
320,-0.0004923272532190023,-24.032049777865,14.648597430406799,0.00071129467126852591,209.43990349897416,0.19678668654154483,thomas,1
321,-0.00017226475321900224,-14.19732321536499,17.0460974304068,0.00074633106500650911,195.501580778056,0.01920286436966932,thomas,1
322,-0.0006524522532190024,-19.720838840365,22.0135974304068,0.00084320827053581513,183.29037685753684,0.37643060449437399,thomas,1
323,-0.0009726397532190025,-0.4975185278650012,24.338597430406804,0.00087313815979703387,158.04850072681202,0.1342572158209758,thomas,1
324,-0.0007325147532190024,6.833067409635012,25.3310974304068,0.0008912352185835962,174.37169564029713,0.045483513496653007,thomas,1
325,-0.0006523897532190023,-11.126112277864992,23.366097430406803,0.00071137202105772364,220.69910933094209,0.46197267235194722,thomas,1
